{
    "1": {
        "requests": 5,
        "request_1": {
            "latency": 0.004599332809448242,
            "status": false
        },
        "request_2": {
            "latency": 0.002936124801635742,
            "status": false
        },
        "request_3": {
            "latency": 0.0034439563751220703,
            "status": false
        },
        "request_4": {
            "latency": 0.0030066967010498047,
            "status": true
        },
        "request_5": {
            "latency": 0.002838134765625,
            "status": true
        }
    },
    "total_requests": 6,
    "total_time": "0.02 s",
    "throughput": "205.27 req/sec",
    "successful_requests": 4,
    "failed_requests": 2,
    "2": {
        "requests": 1,
        "request_1": {
            "latency": 0.004025697708129883,
            "status": true
        }
    }
}